List,Berry86,cfRNA,daCosta2,daCosta3,Kaforou44,Sweeney3,Walter47,Zak16
4-Sep,0,0,0,0,1,0,0,0
AAK1,0,0,0,0,1,0,0,0
AGMAT,1,0,0,0,0,0,0,0
ALDH1A1,0,0,0,0,2,0,0,0
ANKRD13A,1,0,0,0,0,0,0,0
ANKRD22,0,0,0,0,0,0,0,1
APOL1,0,0,0,0,0,0,0,1
ARG1,0,0,0,0,1,0,0,0
ATG3,1,0,0,0,0,0,0,0
ATP1B3,1,0,0,0,0,0,0,0
ATP6V0E1,2,0,0,0,0,0,0,0
BATF2,0,0,0,0,0,0,0,1
BNIP3L,0,1,0,0,0,0,0,0
BRSK1,1,0,0,0,0,0,0,0
BTBD9,0,0,0,0,0,0,1,0
BTN3A1,0,0,0,0,1,0,0,0
C19ORF12,0,0,0,0,1,0,0,0
C19orf25,0,0,0,0,0,0,1,0
C20orf24,2,0,0,0,0,0,0,0
C2orf46,0,0,0,0,0,0,1,0
C4orf34,1,0,0,0,0,0,0,0
C4orf39,0,0,0,0,0,0,1,0
C9orf109,1,0,0,0,0,0,0,0
C9orf127,1,0,0,0,0,0,0,0
CALCOCO2,1,0,0,0,0,0,0,0
CALML4,0,0,0,0,1,0,0,0
CAPS,1,0,0,0,0,0,0,0
CASC1,0,0,0,0,1,0,0,0
CASP4,1,0,0,0,0,0,0,0
CCNA1,0,0,0,0,0,0,1,0
CCR2,1,0,0,0,0,0,0,0
CCR7,1,0,0,0,0,0,0,0
CD64,0,0,1,1,0,0,0,0
CD74,1,0,0,0,1,0,0,0
CDKN2A,0,0,0,0,0,0,1,0
CERKL,0,0,0,0,1,0,0,0
CHFR,0,0,0,0,0,0,1,0
CHI3L2,1,0,0,0,0,0,0,0
CLEC1A,1,0,0,0,0,0,0,0
CLEC7A,0,0,0,0,0,0,1,0
CREB5,0,0,0,0,1,0,0,0
CWH43,0,0,0,0,0,0,1,0
CYB561,0,0,0,0,2,0,1,0
DBI,1,0,0,0,0,0,0,0
DEPDC5,1,0,0,0,0,0,0,0
DHRS9,1,0,0,0,0,0,0,0
DMXL2,1,0,0,0,0,0,0,0
DUSP3,0,0,0,0,1,1,0,0
DYSF,0,1,0,0,0,0,0,0
EBF1,0,0,0,0,1,0,0,0
EFR3A,1,0,0,0,0,0,0,0
EIF4E3,1,0,0,0,0,0,0,0
EPB41L3,1,0,0,0,0,0,0,0
ETV7,0,0,0,0,0,0,0,1
FAT4,0,0,0,0,0,0,1,0
FCGR1A,0,0,0,0,0,0,0,1
FCGR1B,0,0,0,0,0,0,0,1
FCGR2B,0,0,0,0,0,0,1,0
FCRL3,1,0,0,0,0,0,0,0
FER1L3,1,0,0,0,0,0,0,0
GBP1,0,0,0,0,0,0,0,1
GBP2,0,0,0,0,0,0,0,1
GBP4,0,0,0,0,0,0,0,1
GBP5,0,1,1,1,0,1,1,1
GBP6,0,0,0,0,1,0,0,0
GJA9,0,0,0,0,1,0,0,0
GLRX,1,0,0,0,0,0,0,0
GOLGA8DP,0,0,0,0,0,0,1,0
GOLGA8IP,0,0,0,0,0,0,2,0
GSTK1,1,0,0,0,0,0,0,0
GZMA,0,0,0,1,0,0,0,0
HECW1,0,0,0,0,0,0,1,0
HLA-DPB1,0,0,0,0,1,0,0,0
HLA-F,1,0,0,0,0,0,3,0
HLA-G,0,0,0,0,0,0,1,0
HM13,0,0,0,0,2,0,0,0
HS.131087,0,0,0,0,1,0,0,0
HS.162734,0,0,0,0,1,0,0,0
HSPE1,0,0,0,0,0,0,1,0
IER3,0,0,0,0,0,0,2,0
IMPA2,0,0,0,0,1,0,0,0
INHBE,0,0,0,0,0,0,1,0
KIAA1632,1,0,0,0,0,0,0,0
KLF2,0,0,0,0,0,1,0,0
KLF6,0,1,0,0,0,0,0,0
KPNB1,1,0,0,0,0,0,0,0
LACTB,1,0,0,0,0,0,0,0
LASP1,0,1,0,0,0,0,0,0
LHFPL2,0,0,0,0,1,0,0,0
LINGO2,0,0,0,0,0,0,1,0
LIPN,0,0,0,0,0,0,1,0
LOC100133800,0,0,0,0,1,0,0,0
LOC149448,1,0,0,0,0,0,0,0
LOC149837,0,0,0,0,0,0,1,0
LOC196752,0,0,0,0,1,0,0,0
LOC284701,1,0,0,0,0,0,0,0
LOC389386,0,0,0,0,1,0,0,0
LOC391811,1,0,0,0,0,0,0,0
LOC440348,1,0,0,0,0,0,0,0
LOC644086,1,0,0,0,0,0,0,0
LRRC37A4,1,0,0,0,0,0,0,0
LYSMD2,1,0,0,0,0,0,0,0
MAK,0,0,0,0,1,0,0,0
MAP6D1,0,0,0,0,0,0,1,0
MAP7,0,0,0,0,2,0,0,0
MCL1,1,0,0,0,0,0,0,0
MIR1974,0,0,0,0,1,0,0,0
MIRLET7F2,0,0,0,0,0,0,1,0
MRPL44,1,0,0,0,0,0,0,0
MS4A6A,1,0,0,0,0,0,0,0
MTHFD1L,0,0,0,0,0,0,2,0
MTHFD2,1,0,0,0,0,0,0,0
NAT1,1,0,0,0,0,0,0,0
NFKBIB,1,0,0,0,0,0,0,0
NPC2,1,0,0,0,0,0,0,0
OR9Q1,0,0,0,0,0,0,1,0
ORM1,0,0,0,0,1,0,0,0
P2RY5,1,0,0,0,0,0,0,0
PAPD5,0,0,0,0,0,0,1,0
PCBP1,0,1,0,0,0,0,0,0
PDE7A,1,0,0,0,0,0,0,0
PDK4,0,0,0,0,1,0,0,0
PGA5,0,0,0,0,1,0,0,0
PGM5,0,0,0,0,0,0,1,0
PIGU,1,0,0,0,0,0,0,0
PIPSL,0,0,0,0,0,0,1,0
PLCXD2,0,0,0,0,0,0,1,0
POLB,1,0,0,0,0,0,0,0
POMP,1,0,0,0,0,0,0,0
PPP1R3D,1,0,0,0,0,0,0,0
PPPDE2,0,0,0,0,1,0,0,0
PRCP,1,0,0,0,0,0,0,0
PRDM1,0,0,0,0,1,0,1,0
PSMA4,2,0,0,0,0,0,0,0
PSMB10,1,0,0,0,0,0,0,0
PSMB3,1,0,0,0,0,0,0,0
PTPRE,1,0,0,0,0,0,0,0
RAC1,1,0,0,0,0,0,0,0
RBCK1,1,0,0,0,0,0,0,0
RBM12B,0,0,0,0,1,0,0,0
RBMS1,1,0,0,0,0,0,0,0
RNASEL,1,0,0,0,0,0,0,0
RNF19A,0,0,0,0,1,0,0,0
RP5-1022P6.2,0,0,0,0,1,0,0,0
SCARF1,0,0,0,0,0,0,0,1
SEC23B,1,0,0,0,0,0,0,0
SEPT,1,0,0,0,0,0,0,0
SEPT4,0,0,0,0,0,0,0,1
SERPING1,0,0,0,0,1,0,0,1
SLC16A6,1,0,0,0,0,0,0,0
SLC7A6,1,0,0,0,0,0,0,0
SNORA5C,0,0,0,0,0,0,1,0
SNORA9,0,0,0,0,0,0,1,0
SNORD116-12,0,0,0,0,0,0,1,0
SNORD36B,0,0,0,0,0,0,1,0
SNRPD2,0,0,0,0,0,0,1,0
STAT1,0,0,0,0,0,0,0,1
TAP1,0,0,0,0,0,0,0,1
TAPBPL,0,0,0,0,0,0,1,0
TAS2R39,0,0,0,0,0,0,1,0
TEC,0,0,0,0,0,0,1,0
THEM2,1,0,0,0,0,0,0,0
TLR7,1,0,0,0,0,0,0,0
TMC6,1,0,0,0,0,0,0,0
TMCC1,0,0,0,0,1,0,0,0
TMEM51,1,0,0,0,0,0,0,0
TNFRSF14,1,0,0,0,0,0,0,0
TRAFD1,0,0,0,0,0,0,0,1
TRIB2,1,0,0,0,0,0,0,0
TYROBP,1,0,0,0,0,0,0,0
UGP2,0,0,0,0,1,0,0,0
USP15,1,0,0,0,0,0,0,0
USP17L2,0,0,0,0,0,0,1,0
USP47,1,0,0,0,0,0,0,0
VCPIP1,1,0,0,0,0,0,0,0
VPREB3,0,0,0,0,1,0,0,0
WDR33,1,0,0,0,0,0,0,0
WSB2,1,0,0,0,0,0,0,0
ZMYND15,1,0,0,0,0,0,0,0
